casa_id,dias_atras,passos,fc_repouso,sono_horas
F772466B06604608AA9CBFC1C79440FA,20,5128,66,7.6
1B5ED8CB31E14D2DA4E4C227DAF19BD1,20,3406,73,6.5
2B6288E7F958490BBF80B86083E7A882,20,4917,70,7.0
F772466B06604608AA9CBFC1C79440FA,19,5098,69,7.3
1B5ED8CB31E14D2DA4E4C227DAF19BD1,19,3314,73,6.9
2B6288E7F958490BBF80B86083E7A882,19,4551,72,7.2
F772466B06604608AA9CBFC1C79440FA,18,5236,70,7.3
1B5ED8CB31E14D2DA4E4C227DAF19BD1,18,3694,74,7.0
2B6288E7F958490BBF80B86083E7A882,18,4568,71,7.1
F772466B06604608AA9CBFC1C79440FA,17,4942,66,7.4
1B5ED8CB31E14D2DA4E4C227DAF19BD1,17,3558,73,6.9
2B6288E7F958490BBF80B86083E7A882,17,5018,69,7.0
F772466B06604608AA9CBFC1C79440FA,16,4988,66,7.1
1B5ED8CB31E14D2DA4E4C227DAF19BD1,16,3429,74,6.6
2B6288E7F958490BBF80B86083E7A882,16,4750,70,7.1
F772466B06604608AA9CBFC1C79440FA,15,5130,67,7.6
1B5ED8CB31E14D2DA4E4C227DAF19BD1,15,3495,75,6.9
2B6288E7F958490BBF80B86083E7A882,15,4613,70,7.3
F772466B06604608AA9CBFC1C79440FA,14,5101,70,7.2
1B5ED8CB31E14D2DA4E4C227DAF19BD1,14,3625,73,6.7
2B6288E7F958490BBF80B86083E7A882,14,4769,69,7.2
F772466B06604608AA9CBFC1C79440FA,13,4901,66,7.5
1B5ED8CB31E14D2DA4E4C227DAF19BD1,13,3265,75,7.0
2B6288E7F958490BBF80B86083E7A882,13,4966,71,7.0
F772466B06604608AA9CBFC1C79440FA,12,4911,68,7.5
1B5ED8CB31E14D2DA4E4C227DAF19BD1,12,3301,75,6.9
2B6288E7F958490BBF80B86083E7A882,12,4844,69,7.2
F772466B06604608AA9CBFC1C79440FA,11,5045,67,7.2
1B5ED8CB31E14D2DA4E4C227DAF19BD1,11,3591,75,7.0
2B6288E7F958490BBF80B86083E7A882,11,4914,69,7.4
F772466B06604608AA9CBFC1C79440FA,10,5054,66,7.3
1B5ED8CB31E14D2DA4E4C227DAF19BD1,10,3441,72,6.6
2B6288E7F958490BBF80B86083E7A882,10,5064,72,7.2
F772466B06604608AA9CBFC1C79440FA,9,4972,69,7.0
1B5ED8CB31E14D2DA4E4C227DAF19BD1,9,3454,73,6.9
2B6288E7F958490BBF80B86083E7A882,9,4674,72,7.2
F772466B06604608AA9CBFC1C79440FA,8,5161,70,7.6
1B5ED8CB31E14D2DA4E4C227DAF19BD1,8,3427,74,6.9
2B6288E7F958490BBF80B86083E7A882,8,4779,72,7.4
F772466B06604608AA9CBFC1C79440FA,7,4946,70,7.5
1B5ED8CB31E14D2DA4E4C227DAF19BD1,7,3377,72,6.9
2B6288E7F958490BBF80B86083E7A882,7,5007,71,7.1
F772466B06604608AA9CBFC1C79440FA,6,4936,68,7.0
1B5ED8CB31E14D2DA4E4C227DAF19BD1,6,3689,73,6.9
2B6288E7F958490BBF80B86083E7A882,6,4811,70,7.1
F772466B06604608AA9CBFC1C79440FA,5,5184,66,7.2
1B5ED8CB31E14D2DA4E4C227DAF19BD1,5,3622,74,7.0
2B6288E7F958490BBF80B86083E7A882,5,4883,70,7.1
F772466B06604608AA9CBFC1C79440FA,4,4902,66,7.6
1B5ED8CB31E14D2DA4E4C227DAF19BD1,4,3698,74,6.9
2B6288E7F958490BBF80B86083E7A882,4,4689,71,7.1
F772466B06604608AA9CBFC1C79440FA,3,5388,67,7.3
1B5ED8CB31E14D2DA4E4C227DAF19BD1,3,3446,74,6.5
2B6288E7F958490BBF80B86083E7A882,3,4589,72,7.0
F772466B06604608AA9CBFC1C79440FA,2,5498,70,7.1
1B5ED8CB31E14D2DA4E4C227DAF19BD1,2,3561,75,6.7
2B6288E7F958490BBF80B86083E7A882,2,2112,78,5.7
F772466B06604608AA9CBFC1C79440FA,1,5415,70,7.2
1B5ED8CB31E14D2DA4E4C227DAF19BD1,1,3516,74,7.0
2B6288E7F958490BBF80B86083E7A882,1,2184,80,5.7
F772466B06604608AA9CBFC1C79440FA,0,5279,66,7.6
1B5ED8CB31E14D2DA4E4C227DAF19BD1,0,3529,75,7.0
2B6288E7F958490BBF80B86083E7A882,0,2083,80,5.4
